[
    {
        "id": "100038791595043",
        "name": "Lâm Hào",
        "level": 5,
        "exp": 119.00000000000045,
        "hp": 1070,
        "atk": 278,
        "def": 228,
        "spd": 114,
        "the_luc": 250,
        "karma": 5,
        "points": 7000,
        "weapon": {
            "type": "weapon",
            "id": 6,
            "category": "Great Sword",
            "name": "Lightbreak Blade VII",
            "usage": 0,
            "HP": 400000,
            "ATK": 224000,
            "DEF": 127000,
            "SPD": 20000,
            "durability": 19950,
            "dmgBonus": 2,
            "defBonus": 1,
            "hpBonus": 1,
            "spdBonus": 0.5,
            "ArmorPiercing": 0.9,
            "description": "Vũ Khí loại đại đao, khả năng gây sát thương cao nhưng sẽ giảm tốc độ",
            "price": 11456000,
            "image": "https://i.imgur.com/swVYaYu.png"
        },
        "locationID": "0",
        "bag": [
            {
                "type": "weapon",
                "id": 10,
                "name": "Iron Sword I",
                "usage": 0,
                "HP": 4000,
                "ATK": 210,
                "DEF": 210,
                "SPD": 2000,
                "durability": 100,
                "dmgBonus": 1,
                "defBonus": 1,
                "hpBonus": 1,
                "spdBonus": 1,
                "ArmorPiercing": 1,
                "price": 1000,
                "image": "https://i.imgur.com/JB2JAEm.png"
            }
        ],
        "monster": [
            {
                "ID": 2,
                "Name": "Kestodon",
                "Tier": "I",
                "HP": 800,
                "ATK": 120,
                "DEF": 20,
                "size": 500,
                "category": "Small monster",
                "SPD": 610,
                "ATKbonus": 1,
                "DEFbonus": 1,
                "SPDbonus": 1,
                "ArmorPiercing": 1,
                "exp": 400,
                "price": 1000,
                "description": "Female Kestodon will alert the pack of danger, while the males will violently charge would-be threats. Their rushing charges can be blocked, however, leaving them open to attacks",
                "image": "https://i.imgur.com/SRNavek.png"
            },
            {
                "ID": 6,
                "Name": "Aptonoth",
                "Tier": "IV",
                "HP": 4000,
                "ATK": 320,
                "DEF": 320,
                "size": 1000,
                "category": "Small monster",
                "SPD": 410,
                "ATKbonus": 1,
                "DEFbonus": 1,
                "SPDbonus": 1,
                "ArmorPiercing": 1,
                "price": 4800,
                "exp": 3100,
                "description": "Docile herbivores that graze in packs. Their meat is considered a delicacy and is rich in nutrients. If one member of the herd is attacked, the rest will flee immediately",
                "image": "https://i.imgur.com/v8euibk.png"
            },
            {
                "ID": 9,
                "Name": "Gowngoat",
                "Tier": "I",
                "HP": 350,
                "ATK": 30,
                "DEF": 30,
                "size": 190,
                "category": "Small monster",
                "SPD": 810,
                "ATKbonus": 1,
                "DEFbonus": 1,
                "SPDbonus": 1,
                "ArmorPiercing": 1,
                "price": 600,
                "exp": 300,
                "description": "",
                "image": "https://i.imgur.com/lngMiXK.png"
            },
            {
                "ID": 5,
                "Name": "Aptonoth",
                "Tier": "III",
                "HP": 4000,
                "ATK": 320,
                "DEF": 320,
                "size": 1000,
                "category": "Small monster",
                "SPD": 410,
                "ATKbonus": 1,
                "DEFbonus": 1,
                "SPDbonus": 1,
                "ArmorPiercing": 1,
                "price": 4800,
                "exp": 3100,
                "description": "Docile herbivores that graze in packs. Their meat is considered a delicacy and is rich in nutrients. If one member of the herd is attacked, the rest will flee immediately",
                "image": "https://i.imgur.com/v8euibk.png"
            },
            {
                "ID": 6,
                "Name": "Aptonoth",
                "Tier": "IV",
                "HP": 4000,
                "ATK": 320,
                "DEF": 320,
                "size": 1000,
                "category": "Small monster",
                "SPD": 410,
                "ATKbonus": 1,
                "DEFbonus": 1,
                "SPDbonus": 1,
                "ArmorPiercing": 1,
                "price": 4800,
                "exp": 3100,
                "description": "Docile herbivores that graze in packs. Their meat is considered a delicacy and is rich in nutrients. If one member of the herd is attacked, the rest will flee immediately",
                "image": "https://i.imgur.com/v8euibk.png"
            }
        ],
        "history": [
            {
                "ID": 2,
                "Name": "Kestodon",
                "Tier": "I",
                "HP": 800,
                "ATK": 120,
                "DEF": 20,
                "size": 500,
                "category": "Small monster",
                "SPD": 610,
                "ATKbonus": 1,
                "DEFbonus": 1,
                "SPDbonus": 1,
                "ArmorPiercing": 1,
                "exp": 400,
                "price": 1000,
                "description": "Female Kestodon will alert the pack of danger, while the males will violently charge would-be threats. Their rushing charges can be blocked, however, leaving them open to attacks",
                "image": "https://i.imgur.com/SRNavek.png"
            },
            {
                "ID": 6,
                "Name": "Aptonoth",
                "Tier": "IV",
                "HP": 4000,
                "ATK": 320,
                "DEF": 320,
                "size": 1000,
                "category": "Small monster",
                "SPD": 410,
                "ATKbonus": 1,
                "DEFbonus": 1,
                "SPDbonus": 1,
                "ArmorPiercing": 1,
                "price": 4800,
                "exp": 3100,
                "description": "Docile herbivores that graze in packs. Their meat is considered a delicacy and is rich in nutrients. If one member of the herd is attacked, the rest will flee immediately",
                "image": "https://i.imgur.com/v8euibk.png"
            },
            {
                "ID": 9,
                "Name": "Gowngoat",
                "Tier": "I",
                "HP": 350,
                "ATK": 30,
                "DEF": 30,
                "size": 190,
                "category": "Small monster",
                "SPD": 810,
                "ATKbonus": 1,
                "DEFbonus": 1,
                "SPDbonus": 1,
                "ArmorPiercing": 1,
                "price": 600,
                "exp": 300,
                "description": "",
                "image": "https://i.imgur.com/lngMiXK.png"
            },
            {
                "ID": 5,
                "Name": "Aptonoth",
                "Tier": "III",
                "HP": 4000,
                "ATK": 320,
                "DEF": 320,
                "size": 1000,
                "category": "Small monster",
                "SPD": 410,
                "ATKbonus": 1,
                "DEFbonus": 1,
                "SPDbonus": 1,
                "ArmorPiercing": 1,
                "price": 4800,
                "exp": 3100,
                "description": "Docile herbivores that graze in packs. Their meat is considered a delicacy and is rich in nutrients. If one member of the herd is attacked, the rest will flee immediately",
                "image": "https://i.imgur.com/v8euibk.png"
            },
            {
                "ID": 6,
                "Name": "Aptonoth",
                "Tier": "IV",
                "HP": 4000,
                "ATK": 320,
                "DEF": 320,
                "size": 1000,
                "category": "Small monster",
                "SPD": 410,
                "ATKbonus": 1,
                "DEFbonus": 1,
                "SPDbonus": 1,
                "ArmorPiercing": 1,
                "price": 4800,
                "exp": 3100,
                "description": "Docile herbivores that graze in packs. Their meat is considered a delicacy and is rich in nutrients. If one member of the herd is attacked, the rest will flee immediately",
                "image": "https://i.imgur.com/v8euibk.png"
            }
        ],
        "created": 1710530632955
    }
]