{
  "antiTheme": {
    "7521002927997636": {
      "themeid": "1109849863832377",
      "enabled": true
    }
  },
  "7521002927997636": {
    "themeid": "555115697378860",
    "themeEnabled": false
  },
  "8291830727519771": {
    "themeid": "1120591312525822",
    "themeEnabled": true
  },
  "9572676419423684": {
    "themeid": "390127158985345",
    "themeEnabled": true
  },
  "25698987183021731": {
    "themeid": "418793291211015",
    "themeEnabled": true
  },
  "9382801731740755": {
    "themeid": "",
    "themeEnabled": true
  },
  "9202703129805345": {
    "themeid": "1109849863832377",
    "themeEnabled": true
  },
  "25134307502880779": {
    "themeid": "958458032991397",
    "themeEnabled": true
  },
  "7937379976343625": {
    "themeid": "487192653974781",
    "themeEnabled": true
  },
  "9002588643144317": {
    "themeid": "1225662608498168",
    "themeEnabled": true
  },
  "28272260115753334": {
    "themeid": "611878928211423",
    "themeEnabled": true
  }
}