[
    {
        "time": "03:00:00",
        "msg": [
            "",
            "chúc mọi người địt nhau vui vẻ"
        ],
        "attachment": {
            "type": "video",
            "link": "https://scontent.xx.fbcdn.net/v/t42.3356-2/468024027_8874053112651167_3198793989269900665_n.mp4?_nc_cat=104&ccb=1-7&_nc_sid=4f86bc&_nc_ohc=xlUA30_qp6AQ7kNvgHaSxCo&_nc_zt=28&_nc_ht=scontent.xx&_nc_gid=Arcj6a3__704BL9xZ-H-yce&oh=03_Q7cD1QHeij1YgnHMZW3N30IKA6IINpNg7JtVU4g72Gyigyey0w&oe=67494180&dl=1"
        }
    },
    {
        "time": "03:40:00",
        "msg": [
            "",
            "chúc mọi người địt nhau vui vẻ"
        ],
        "attachment": {
            "type": "random"
        }
    },
    {
        "time": "03:35:00",
        "msg": [
            "",
            "dậy mẹ chúng mày đi"
        ],
        "attachment": {
            "type": "random"
        }
    },
    {
        "time": "01:30:00",
        "msg": [
            "",
            "dậy mẹ chúng mày đi"
        ],
        "attachment": {
            "type": "random"
        }
    },
    {
        "time": "00:32:00",
        "msg": [
            "",
            "dậy mẹ chúng mày đi"
        ],
        "attachment": {
            "type": "random"
        }
    },
    {
        "time": "06:36:00",
        "msg": [
            "",
            "sáng r đjt nhau đi"
        ],
        "attachment": {
            "type": "animated_image",
            "link": "https://cdn.fbsbx.com/v/t59.2708-21/471756679_1613381802938737_6326770081124051426_n.gif?_nc_cat=108&ccb=1-7&_nc_sid=cf94fc&_nc_ohc=zwwJnabu9VcQ7kNvgExMEuI&_nc_zt=7&_nc_ht=cdn.fbsbx.com&_nc_gid=An8K-e2s_t6fuYJgyxaMTbW&oh=03_Q7cD1gFWSMpdcnzfyXj9Pt4ts62AldcwDTHLe6tD6UVZe5Vv4w&oe=6794BEBA"
        }
    }
]