[
    {
        "threadID": "7692459930873038",
        "nameUser": [
            "🗿🥕❤ ${name} ${time}"
        ]
    },
    {
        "threadID": "8767191370010349",
        "nameUser": [
            "null {name}"
        ]
    },
    {
        "threadID": "23871396445839156",
        "nameUser": [
            "⏰⏰ {name} {time}"
        ]
    },
    {
        "threadID": "8613818572003704",
        "nameUser": [
            "TVM (Name TVM) (Time 24h)"
        ]
    },
    {
        "threadID": "26651997401111584",
        "nameUser": [
            "{name} vào ăn lòn à {time}"
        ]
    },
    {
        "threadID": "28019498604331497",
        "nameUser": [
            "tvm {name} {time} ▶💱🔱🔱✅"
        ]
    },
    {
        "threadID": "6130935986983092",
        "nameUser": [
            "BOA_"
        ]
    }
]