[
    {
        "threadID": "25547002904898043",
        "listRule": [
            "181918"
        ]
    },
    {
        "threadID": "6368402966620903",
        "listRule": [
            "19199"
        ]
    },
    {
        "threadID": "6988543397941443",
        "listRule": [
            "🔰 𝐋𝐮𝐚̣̂𝐭 𝐁𝐨𝐱: ",
            "📌𝐒𝐞𝐭 𝐛𝐢𝐞̣̂𝐭 𝐝𝐚𝐧𝐡 𝐭𝐡𝐞𝐨 𝐛𝐨𝐱",
            "📌𝐂𝐡𝐚̆𝐦 𝐭𝐭 𝐛𝐨𝐱",
            "📌𝐇𝐚̣𝐧 𝐜𝐡𝐞̂́ 𝐭𝐮̣𝐜 ",
            "📌𝐇𝐚̣𝐧 𝐜𝐡𝐞̂́ 𝐭𝐚𝐠 𝐚𝐥𝐥",
            "📌𝐊𝐡𝐨̂𝐧𝐠 𝐰𝐚𝐫 , 𝐬𝐩𝐚𝐦 𝐭𝐫𝐨𝐧𝐠 𝐛𝐨𝐱",
            "📌𝐊𝐡𝐨̂𝐧𝐠 𝐜𝐚𝐩 𝐚̉𝐧𝐡 𝐬𝐨𝐥𝐨 𝐯𝐚̀𝐨 𝐛𝐨𝐱",
            "🔰 𝐋𝐮𝐚̣̂𝐭 𝐁𝐨𝐱: ",
            "📌𝐒𝐞𝐭 𝐛𝐢𝐞̣̂𝐭 𝐝𝐚𝐧𝐡 𝐭𝐡𝐞𝐨 𝐛𝐨𝐱",
            "📌𝐂𝐡𝐚̆𝐦 𝐭𝐭 𝐛𝐨𝐱",
            "📌𝐇𝐚̣𝐧 𝐜𝐡𝐞̂́ 𝐭𝐮̣𝐜 ",
            "📌𝐇𝐚̣𝐧 𝐜𝐡𝐞̂́ 𝐭𝐚𝐠 𝐚𝐥𝐥",
            "📌𝐊𝐡𝐨̂𝐧𝐠 𝐰𝐚𝐫 , 𝐬𝐩𝐚𝐦 𝐭𝐫𝐨𝐧𝐠 𝐛𝐨𝐱",
            "📌𝐊𝐡𝐨̂𝐧𝐠 𝐜𝐚𝐩 𝐚̉𝐧𝐡 𝐬𝐨𝐥𝐨 𝐯𝐚̀𝐨 𝐛𝐨𝐱"
        ]
    },
    {
        "threadID": "7322930257753506",
        "listRule": [
            "🔰 𝐋𝐮𝐚̣̂𝐭 𝐁𝐨𝐱: ",
            "📌𝐒𝐞𝐭 𝐛𝐢𝐞̣̂𝐭 𝐝𝐚𝐧𝐡 𝐭𝐡𝐞𝐨 𝐛𝐨𝐱",
            "📌𝐂𝐡𝐚̆𝐦 𝐭𝐭 𝐛𝐨𝐱",
            "📌𝐇𝐚̣𝐧 𝐜𝐡𝐞̂́ 𝐭𝐮̣𝐜 ",
            "📌𝐇𝐚̣𝐧 𝐜𝐡𝐞̂́ 𝐭𝐚𝐠 𝐚𝐥𝐥",
            "📌𝐊𝐡𝐨̂𝐧𝐠 𝐰𝐚𝐫 , 𝐬𝐩𝐚𝐦 𝐭𝐫𝐨𝐧𝐠 𝐛𝐨𝐱",
            "📌𝐊𝐡𝐨̂𝐧𝐠 𝐜𝐚𝐩 𝐚̉𝐧𝐡 𝐬𝐨𝐥𝐨 𝐯𝐚̀𝐨 𝐛𝐨𝐱"
        ]
    },
    {
        "threadID": "7580821378665834",
        "listRule": [
            "📌𝐒𝐞𝐭 𝐛𝐢𝐞̣̂𝐭 𝐝𝐚𝐧𝐡 𝐭𝐡𝐞𝐨 𝐛𝐨𝐱",
            "📌𝐂𝐡𝐚̆𝐦 𝐭𝐭 𝐛𝐨𝐱",
            "📌𝐇𝐚̣𝐧 𝐜𝐡𝐞̂́ 𝐭𝐮̣𝐜 ",
            "📌𝐇𝐚̣𝐧 𝐜𝐡𝐞̂́ 𝐭𝐚𝐠 𝐚𝐥𝐥",
            "📌𝐊𝐡𝐨̂𝐧𝐠 𝐰𝐚𝐫 , 𝐬𝐩𝐚𝐦 𝐭𝐫𝐨𝐧𝐠 𝐛𝐨𝐱",
            "📌𝐊𝐡𝐨̂𝐧𝐠 𝐜𝐚𝐩 𝐚̉𝐧𝐡 𝐬𝐨𝐥𝐨 𝐯𝐚̀𝐨 𝐛𝐨𝐱",
            "bạn có thể ghi là setname + biệt danh bạn muốn set để set biệt danh nhanh hơn"
        ]
    },
    {
        "threadID": "8165327946814918",
        "listRule": [
            "📌𝐒𝐞𝐭 𝐛𝐢𝐞̣̂𝐭 𝐝𝐚𝐧𝐡 𝐭𝐡𝐞𝐨 𝐛𝐨𝐱",
            "📌𝐂𝐡𝐚̆𝐦 𝐭𝐭 𝐛𝐨𝐱",
            "📌𝐇𝐚̣𝐧 𝐜𝐡𝐞̂́ 𝐭𝐮̣𝐜 ",
            "📌𝐇𝐚̣𝐧 𝐜𝐡𝐞̂́ 𝐭𝐚𝐠 𝐚𝐥𝐥",
            "📌𝐊𝐡𝐨̂𝐧𝐠 𝐰𝐚𝐫 , 𝐬𝐩𝐚𝐦 𝐭𝐫𝐨𝐧𝐠 𝐛𝐨𝐱",
            "📌𝐊𝐡𝐨̂𝐧𝐠 𝐜𝐚𝐩 𝐚̉𝐧𝐡 𝐬𝐨𝐥𝐨 𝐯𝐚̀𝐨 𝐛𝐨𝐱"
        ]
    },
    {
        "threadID": "23871396445839156",
        "listRule": [
            "🙂",
            "vào giới thiếu showw 🐦 không ăn kick"
        ]
    },
    {
        "threadID": "8358695750874540",
        "listRule": [
            "TVM vô gt set bd showw ảnh mặt + game"
        ]
    },
    {
        "threadID": "7897900050327933",
        "listRule": [
            "xin chào Thành Viên Mới giới thiệu và set biệt danh showw ảnh game + mặt nhé c.ơn mãi ju♥️🫰"
        ]
    },
    {
        "threadID": "7894231517371658",
        "listRule": [
            "xin chào Thành Viên Mới giới thiệu và set biệt danh showw ảnh game + mặt nhé c.ơn mãi ju♥️🫰"
        ]
    },
    {
        "threadID": "8230885130353341",
        "listRule": [
            "xin chào Thành Viên Mới giới thiệu và set biệt danh showw ảnh game + mặt nhé c.ơn mãi ju♥️🫰"
        ]
    },
    {
        "threadID": "27288555954061067",
        "listRule": [
            "xin chào Thành Viên Mới giới thiệu và set biệt danh showw ảnh game + mặt nhé c.ơn mãi ju♥️🫰"
        ]
    },
    {
        "threadID": "27268776539437534",
        "listRule": [
            "Em xin phép TTV cho box 9X Hà Nội ạ",
            "- Trên 2008 ",
            "- Chăm tt + rủ MN chơi ",
            "- Có lên lịch off cho MN / GL vui vẻ ",
            "- Ở Hà Nội ",
            "- Ko toxic , bơ tvm ",
            "- Nhóm ít người cần chất lượng ko cần đông ",
            "😉 MN add ib em thêm vào box ạ"
        ]
    },
    {
        "threadID": "8280625255399987",
        "listRule": [
            "+ Ko war ko toxic✨",
            "+ Ko phần biệt dầu nghèo✨",
            "+ Ko kì thị rank thấp hay cao✨",
            "+ Ko phân biệt vùng miền✨",
            "+ Tôn trọng các tv trong box✨",
            "+ Ko bơ các TV✨",
            "+ Vào sẽ có setlove✨",
            "+ Hog tự ái ✨",
            "+ Hog tuyển cá cảnh✨",
            "+ đặc biệt không tag all",
            "+kh tự í tổ chức gl,gl j ib boss,qtv",
            "+kh gửi link hoặc ảnh 18+ vào box",
            "+cs vc j báo qtv xử lý"
        ]
    },
    {
        "threadID": "8291830727519771",
        "listRule": [
            "vào phải xem sex"
        ]
    },
    {
        "threadID": "27314721581509433",
        "listRule": []
    },
    {
        "threadID": "27928919380026681",
        "listRule": [
            "Xin chào TVM mn vô gt set bd showw acc game + mặt giúp ạ c.ơn mn mãi ju♥️🫰",
            "Ai chx Ny thì ib qua Zalo cho Sếp Tùng nhé 0342926285😘"
        ]
    },
    {
        "threadID": "7779938948772833",
        "listRule": []
    },
    {
        "threadID": "7892383410809201",
        "listRule": [
            "Xin chào TVM bạn mới vô giới thiệu set biệt danh giúp bot nhé mãi ju♥️🫰",
            "✎ luật box 𝙇𝙤𝙡𝙡𝙞𝙥𝙤𝙥 𝙇𝙚𝙖𝙜𝙪𝙚 🍭",
            "",
            "",
            " [1] Vào box gt + show acc và báo biệt danh vs năm sinh.",
            "",
            " [2] Không Avata trắng - k acc clone.",
            "",
            " [3]Không đăng nội dung, (Video),hình ảnh 18+ vào box.",
            "",
            " [4]Chơi game vui vẻ ko gây war chửi nhau vs thành viên.",
            "",
            " [5]Vào box chú ý tương tác 1 tuần ko đc dưới 100tt.",
            "",
            "[6]Tv ko đc tag all khi ko đc sự cho phép của QTV.",
            "",
            "[7]Thành viên phải tôn trọng tv khác trong box và QTV.",
            "",
            "[8]Tv muốn đưa bn bè hoặc người thân vào phải liên hệ vs QTV.",
            "",
            "[9]Không giao bán acc game vs ở mọi hình thức",
            "",
            "Chú ý: Mọi điều trên nếu vi phạm sẽ bị (kick) thẳng tay và thành viên đã bị (kick) sẽ ko đc duyệt vào box lần 2."
        ]
    },
    {
        "threadID": "8503084406479189",
        "listRule": [
            "Tvm đặt biệt danh : tên + năm sinh nhé"
        ]
    },
    {
        "threadID": "8142530072535257",
        "listRule": [
            "gthieu + setb + show acc"
        ]
    },
    {
        "threadID": "8083971758348999",
        "listRule": [
            "Tvm: Gt-show acc -Setname(thêm tuổi)nhen"
        ]
    },
    {
        "threadID": "8270431739745850",
        "listRule": [
            "NỘI QUY BOX CHAT",
            "         ",
            " *KHÔNG SPAM tin nhắn tôn trọng TẤT CẢ TV",
            " *KHÔNG CỐ Ý Phá Game, Buff Bẩn Hack Map.",
            "  *Tương tác thường xuyên trong box chat.",
            "  *KHÔNG gửi ảnh 18+, ảnh nhạy cảm.",
            " *KHÔNG War chửi nhau ,chửi tục, chửi thề,đá xéo , moi móc, không xúc phạm tv và clan khác.",
            "  *KHÔNG TỰ Ý Out box, khi out phải xin phép qtv trước khi out.Bận việc có thể nói TRƯỚC.",
            " *KHÔNG chia sẻ link ứng dụng khác ngoài tiktok",
            " *KHÔNG mua bán acc dưới mọi hình thức.",
            " *KHÔNG lôi kéo TV. Vì công sức qtv đi tuyển và sàng lọc rất mệt.",
            "*CÙNG NHAUU CHƠI GAME VUI VẺ PHÁT TRIỂN BOX CẢM ƠN MỌI NGUỜI💗",
            " *Chào Mừng Đến Với nhóm em"
        ]
    },
    {
        "threadID": "8900190230011493",
        "listRule": [
            "🌵🌵DEVIL'S ROSE | SOK BOX 🌵🌵",
            "",
            "- Nội Quy Thành Viên hoạt động ",
            "",
            "-1/ Yêu cầu thương xuyên tương tác box (1 tuần ít nhất 30 tin nhắn)",
            "",
            "- 2/ Không chửi thề nhằm mục đích gây war",
            "",
            "- 3/ Không được phép Spam 3 lần liên tục ( lag box)",
            "",
            "4/ Tôn trọng QTV và all thành viên BOX",
            "",
            "5/ Cố gắng sắp xếp đi off giao lưu với mọi người",
            "",
            "- 6/ Không sử dụng Bot, không thu hồi tn, tag all, không 18+, set biệt danh đúng năm sinh",
            "",
            "-7/ Thành viên cũ bắt buộc tương tác với thành viên mới khi đang onl box",
            "",
            "8/ Thành viên vào box đăng bài giới thiệu lên nhóm Luật khi chơi game",
            "",
            "9/ Không Tag all / Chỉ Boss hoặc QTV có việc quan trọng thông báo",
            "",
            "10/ Sử dụng bot spam tiêu cực",
            "",
            "- Không được phép dùng lời lẽ khó nghe với AE Box bằng mọi hình thức",
            "- Không nhây , văng tục, mất VH",
            "",
            "- Phạm 1 trong những quy định ở trên sẽ bị kick 1 ngày, hoặc vĩnh viễn. ",
            " Mỗi người bỏ 1 ra ít thời gian tương tác để cùng đóng góp cho sự phát triển của box nhé. Cảm ơn mọi người. Mãi iu",
            "😊😊😊"
        ]
    },
    {
        "threadID": "8838544989535553",
        "listRule": [
            "kiệt dtrai"
        ]
    },
    {
        "threadID": "9356637984367592",
        "listRule": [
            "set bd+năm sinh giúp mình💞",
            "không gửi 18",
            "kh spam"
        ]
    },
    {
        "threadID": "6644357448929842",
        "listRule": [
            "➊Mọi người đừng bơ nhau ở box.",
            "➋ Tvm vào box set biệt danh kèm năm sinh hộ mình( k fake tuổi).",
            "➌ FAKE TUỔI + ẢNH KICK THẲNG TAY NHÉ ✅",
            "➍ Chăm tương tác, chơi game không quạo, GÂY WAR TRONG BOX XIN PHÉP KICK THẲNG, KICK XONG KO IB QTV GIẢI THÍCH HAY GIẢI QUYẾT ✅",
            "➎ VÌ BOX TỤI MÌNH CÓ BOT NÊN MỌI NGƯỜI KO ĐƯỢC SỬ DỤNG BOT, SPAM BOT VÀ CHỬI BOT ✅",
            "➏ Thành viên không tag all tránh làm phiền mọi người, không buôn bán acc trong box, tôn trọng mọi người trong box🍓. ",
            "➐ KHÔNG GỬI ẢNH 18+ TRONG BOX NHẮC 1 LẦN, LẦN 2 KICK THẲNG, VÌ ĐÂY LÀ BOX CHUNG NÊN HẠN CHẾ NÓI CHUYỆN NHẠY CẢM, 18+, SHOW ẢNH NHẠY CẢM, GỬI ẢNH LINH TINH, nhắc lần 1, lần 2 kick thẳng nhé.",
            "➑ Vì là box chung nên mọi người có ý tứ chút nhé 😽",
            " Cảm ơn các bạn đã đồng hành cùng box 🫶❤",
            " Mãi iu 🫶"
        ]
    },
    {
        "threadID": "28019498604331497",
        "listRule": [
            "vào phải nói chuỵen"
        ]
    },
    {
        "threadID": "28105016615779010",
        "listRule": [
            "🍌BANANA•FAMILY🍌",
            "Đặc quyền tham gia:",
            "🎄Săn levi",
            "🎄Up v4",
            "🎄Lấy item",
            "🎄Kéo raid",
            "🎄Có svv cho ae chơi",
            "🎄Giúp đỡ nhau trong box",
            "🎄Mỗi tuần đều có event tặng acc",
            "🎄 Mọi người hòa ",
            "đồng ko bơ tvm",
            "🎄Có bot cho ae chơi giải trí",
            "X Lưu ý của box X",
            "🚫Ko tuyển cá cảnh",
            "🚫Nghiêm cấm hiện tượng Scam",
            "🚫Không gửi ảnh 18+",
            "🚫Không lăng mạ người khác",
            "🚫Tôn trọng admin và qtv",
            "🚫Ko đc toxic nhiều ít vẫn đc",
            "🚫Ko đánh nhau trong svv nếu chx đồng ý của 2 bên",
            "🚫Không đc dùng bot spam tag",
            "🚫Không cali hay pbvm,pbct",
            "<=>(vi pham dong tren adm vs qtv cho cut ca dam)",
            "🔰Chúc toàn thể có trải nghiệm tuyệt vời sau khi tham gia"
        ]
    },
    {
        "threadID": "9761064110575893",
        "listRule": [
            "Luật box loving home gaming",
            "👉 Vô giới thiệu và show acc ",
            "👉 Set bd kí tự LH•",
            "👉Vô box k war ",
            "👉 Không tag all",
            "👉 Out phải xin ",
            "👉Tôn trọng qtv ",
            "👉Không gửi nội dung 18+",
            "👉 không dc bơ tvm ",
            "👉 có ý kiến ib chủ box để giải bày"
        ]
    },
    {
        "threadID": "25134307502880779",
        "listRule": [
            "Mang đặc sản của chúng mày vào đây"
        ]
    }
]