[
    {
        "threadID": "8291830727519771",
        "shortcuts": []
    },
    {
        "threadID": "7521002927997636",
        "shortcuts": [
            {
                "input": "🥰",
                "output": "Cc",
                "uri": "random gái"
            },
            {
                "input_type": "join",
                "output": "🤮🤮🤮",
                "uri": "random gái"
            }
        ]
    },
    {
        "threadID": "7513171775454120",
        "shortcuts": [
            {
                "input": "💥",
                "output": "Cc",
                "uri": "random"
            }
        ]
    },
    {
        "threadID": "8867281286641611",
        "shortcuts": []
    },
    {
        "threadID": "26651997401111584",
        "shortcuts": [
            {
                "input": "☕️",
                "output": "shhsisjs",
                "uri": "random"
            },
            {
                "input": "0",
                "output": "2112",
                "uri": "https://files.catbox.moe/ifmln8.jpg"
            },
            {
                "input": "111",
                "output": "202938u3bdbnsbdnxkdospspww9292uehdhdjdjd",
                "uri": "https://files.catbox.moe/c3kyce.mp4"
            }
        ]
    },
    {
        "threadID": "28225713880360671",
        "shortcuts": [
            {
                "input": "TVM",
                "output": "TVM: set bd + năm sinh",
                "uri": "https://files.catbox.moe/epvn66.jpg"
            },
            {
                "input": "Choe",
                "output": "Bạn nào nói chơi game là để giải trí\n\nBước ra đây chơi với mình :)))",
                "uri": "https://files.catbox.moe/kt3zwv.jpg"
            },
            {
                "input": "1",
                "output": "📍 Lắm mồm ,vui vẻ hòa đồng \n📍 Tương tác box tốt, không cá cảnh\n📍 không tự ái\n📍 không leak tin nhắn box ra ngoài\n📍 có mồm xin vô phải có mồm xin ra\n📍 biết tôn trọng các tv trong box\n📍 không nhận acc clone fb, fake ảnh và fake năm sinh\n📍 không nhận fb ảnh trắng \n📍Call box mỗi tối ạ",
                "uri": "https://files.catbox.moe/7jde6k.jpg"
            },
            {
                "input": "Zịt",
                "output": "Gọi cái choá gì 😡😡",
                "uri": "https://files.catbox.moe/f05cy5.jpg"
            }
        ]
    },
    {
        "threadID": "6644357448929842",
        "shortcuts": [
            {
                "input": "Kí tự",
                "output": "𝞖𝙊𝞖• + tên + năm sinh ( k fake )",
                "uri": "s"
            },
            {
                "input": "Tvm",
                "output": "Chào các bạn tvm🌷, mn giới thiệu tên + năm sinh rồi set biệt danh giúp mình nhé. Ai ko set được đọc tên + năm sinh để 𝗤𝝩𝗩 set giúp cho, ko set biệt danh 24h mình xin phép kick ạ ❤",
                "uri": "s"
            }
        ]
    },
    {
        "threadID": "23871396445839156",
        "shortcuts": [
            {
                "input": "🦊",
                "output": "Tt",
                "uri": "random"
            },
            {
                "input": "😠",
                "output": "Cc",
                "uri": "https://files.catbox.moe/ukjvva.mp4"
            }
        ]
    },
    {
        "threadID": "7470217089725355",
        "shortcuts": [
            {
                "input": "Ngol",
                "output": "Cc",
                "uri": "https://files.catbox.moe/c6hy98.jpg"
            }
        ]
    },
    {
        "threadID": "8427560677354992",
        "shortcuts": [
            {
                "input": "@Hảo Hay Ngủ",
                "output": "Vợ nghe nè",
                "uri": "https://files.catbox.moe/ar1i0u.mp4"
            },
            {
                "input": "@Bé Dâu•KOL(07) Thư Kí",
                "output": "bé dâu tớii đâyy🧝🏻‍♀️",
                "uri": "https://files.catbox.moe/9osnzh.mp4"
            },
            {
                "input": "@Tobikosuy•KOL(10)LD",
                "output": "Tobi cục trĩ đáng yêu tới đâyyy",
                "uri": "https://files.catbox.moe/myvs9a.mp4"
            }
        ]
    },
    {
        "threadID": "8462564073849003",
        "shortcuts": [
            {
                "input": "Tvm",
                "output": "Mọi người đặt biệt danh nhóm theo kí tự : \n- Nam :  HTD•Tên•Năm sinh 🐉\n- Nữ : HTD•Tên•Năm sinh 🌸\nTự thêm vào file ảnh Tv \nẢnh game ghép với ảnh cá nhân",
                "uri": "https://files.catbox.moe/0ntaem.mp4"
            },
            {
                "input": "Tv",
                "output": "Mọi người đặt biệt danh nhóm theo kí tự : \n- Nam : HTD•Tên•Năm sinh 🐉\n- Nữ : HTD•Tên•Năm sinh 🌸\nTự thêm vào file ảnh Tv \nẢnh game ghép với ảnh cá nhân",
                "uri": "random"
            }
        ]
    },
    {
        "threadID": "7937379976343625",
        "shortcuts": []
    },
    {
        "threadID": "8712904828829121",
        "shortcuts": [
            {
                "input": "Tùng",
                "output": "Sao vậy",
                "uri": "https://files.catbox.moe/a4vaxr.mp4"
            }
        ]
    },
    {
        "threadID": "8850704071659039",
        "shortcuts": [
            {
                "input": "Tvm",
                "output": "Tvm gt+show acc+set bd kèm năm sinh",
                "uri": "https://files.catbox.moe/f8126z.mp4"
            }
        ]
    },
    {
        "threadID": "7474482502598921",
        "shortcuts": [
            {
                "input": "Tùng",
                "output": "Chuyện gì",
                "uri": "https://files.catbox.moe/613hyk.mp4"
            }
        ]
    },
    {
        "threadID": "28019498604331497",
        "shortcuts": [
            {
                "input": "Đ",
                "output": "Bố của box",
                "uri": "https://files.catbox.moe/ux31pi.mp4"
            },
            {
                "output": "Tagcc",
                "uri": "https://files.catbox.moe/k44wce.jpg",
                "input_type": "tag",
                "tag_id": "100085073240621"
            }
        ]
    },
    {
        "threadID": "8508687169253063",
        "shortcuts": [
            {
                "input": "🐰",
                "output": "thỏ",
                "uri": "random"
            },
            {
                "input": "Thy",
                "output": "Gọi cái lon",
                "uri": "https://files.catbox.moe/1en5v2.gif"
            },
            {
                "input": "Sói",
                "output": "🐺",
                "uri": "random"
            }
        ]
    },
    {
        "threadID": "27716248234689536",
        "shortcuts": []
    },
    {
        "threadID": "7830219807079225",
        "shortcuts": [
            {
                "output": "Hi Tungg đây",
                "uri": "https://files.catbox.moe/kmvy8f.mp4",
                "input_type": "tag",
                "tag_id": "61567174044584"
            },
            {
                "output": "Hi Vịt nè",
                "uri": "https://files.catbox.moe/etoapa.mp4",
                "input_type": "tag",
                "tag_id": "100029462600506"
            },
            {
                "output": "Lan Anh nghe nè",
                "uri": "https://files.catbox.moe/5z7eb5.jpg",
                "input_type": "tag",
                "tag_id": "61556248887623"
            }
        ]
    },
    {
        "threadID": "8722970604484470",
        "shortcuts": [
            {
                "input": "🍇",
                "output": "Nho ngọt",
                "uri": "random"
            },
            {
                "input": "🐧",
                "output": "⚡️",
                "uri": "random"
            },
            {
                "input": "☁️",
                "output": "☁️",
                "uri": "random"
            }
        ]
    },
    {
        "threadID": "9126425230719686",
        "shortcuts": [
            {
                "output": "Hi Tùng đây🤭",
                "uri": "https://files.catbox.moe/6o5ame.mp4",
                "input_type": "tag",
                "tag_id": "61567174044584"
            }
        ]
    },
    {
        "threadID": "9673154472712341",
        "shortcuts": [
            {
                "input": "Linhh",
                "output": "Ai tag Linh,linh đang bận",
                "uri": "https://files.catbox.moe/ce1e49.mp4"
            },
            {
                "input": "Linhh six gái",
                "output": "Ai tag linh,linh đang bận",
                "uri": "https://files.catbox.moe/ce1e49.mp4"
            },
            {
                "output": "Linh six gái💤",
                "uri": "https://files.catbox.moe/ce1e49.mp4",
                "input_type": "tag",
                "tag_id": "100062121047367"
            },
            {
                "output": "NhiKim💗Vip",
                "uri": "https://files.catbox.moe/vlegnv.mp4",
                "input_type": "tag",
                "tag_id": "61563404476654"
            }
        ]
    },
    {
        "threadID": "9761064110575893",
        "shortcuts": [
            {
                "output": "Hi",
                "uri": "https://files.catbox.moe/5wfz7b.mp4",
                "input_type": "tag",
                "tag_id": "61567174044584"
            },
            {
                "input": "Tvm",
                "output": "Luật box loving home gaming\n👉 Vô giới thiệu và show acc \n👉 Set bd kí tự LH•\n👉Vô box k war \n👉 Không tag all\n👉 Out phải xin \n👉Tôn trọng qtv \n👉Không gửi nội dung 18+\n👉 không dc bơ tvm \n👉 có ý kiến ib chủ box để giải bày",
                "uri": "https://files.catbox.moe/gztyi4.mp4"
            },
            {
                "input": "Tùng",
                "output": "Tùng đây",
                "uri": "https://files.catbox.moe/0nd9lg.mp4"
            }
        ]
    },
    {
        "threadID": "9241764082521012",
        "shortcuts": [
            {
                "input": "@Phạm Thanh Tùng",
                "output": "Nhắn riêng mà hỏi",
                "uri": "https://files.catbox.moe/kmp7ll.jpg"
            }
        ]
    }
]