[
    {
        "threadID": "5701529409971788",
        "shortcuts": [
            {
                "id": "ZvhBcTPIQY",
                "input": "🐣",
                "output": "anh chở em đi ăn kem nà"
            }
        ]
    },
    {
        "threadID": "5768808843151761",
        "shortcuts": [
            {
                "id": "CmTCcgbLGJ",
                "input": "@Tran Ha Anh",
                "output": "iu hong mà tag"
            },
            {
                "id": "agtMcMvDMY",
                "input": "Hi",
                "output": "Hi cái LỒN"
            },
            {
                "id": "zMUnhmwOVJ",
                "input": "Pu",
                "output": "Kêu cái LỒN"
            }
        ]
    },
    {
        "threadID": "25073918048888999",
        "shortcuts": [
            {
                "id": "HFvXxejUVl",
                "input": "@Minn Mie",
                "output": "{name}, gọi j ank?"
            },
            {
                "id": "wvnObyRoch",
                "input": "@Kiều Duyên",
                "output": "Nghe nè"
            }
        ]
    },
    {
        "threadID": "6822450847852864",
        "shortcuts": []
    }
]