{"594257109":{},"9169109396437066":{},"8695473317177465":{},"8686970024655432":{"T":[{"text":"chuyện gì","url":"https://i.imgur.com/zmWmDwM.mp4","timestamp":1731355410218},{"text":"Cáu gì","url":"https://i.imgur.com/BLzpgPz.mp4","timestamp":1731751167243}],"Tùng":[{"text":"Chồng nghe nè","url":"https://i.imgur.com/xigb87o.mp4","timestamp":1731594691775}],"@Nguyễn Thu Ngân":[{"text":"Nói liên tục","url":"https://i.imgur.com/2OdrhDT.mp4","timestamp":1731595504400}],"@Bảo Thy":[{"text":"Tag cái lon","url":"https://i.imgur.com/xaP2C68.mp4","timestamp":1731595614136}]},"8291830727519771":{"@Lê Chí":[{"text":"cc","timestamp":1730550487567}],"@Trần Ngọc Phương Linh":[{"text":"cc","url":"https://i.imgur.com/IYB0Mcn.mp4","timestamp":1730550569645}]},"8767191370010349":{},"7521002927997636":{},"25134307502880779":{},"7513171775454120":{},"4224689797623743":{"@Tran Phuong Anh":[{"text":"tag cái giề","url":"https://i.imgur.com/i546Kpk.mp4","timestamp":1730583387205},{"text":"Tag cái Lon","url":"https://i.imgur.com/CsieALY.mp4","timestamp":1730651626502},{"text":"tag cái dkmm","url":"https://i.imgur.com/XyYRfdy.mp4","timestamp":1730657326071}]},"8280625255399987":{"@Panh Đoàn":[{"text":"Đang ngủ tag cái lồn","url":"https://i.imgur.com/2o2PDT0.mp4","timestamp":1730553944026}]},"8503084406479189":{"@Trương Huỳnh Mỹ Ngân":[{"text":"hi mn","url":"https://i.imgur.com/jHeDW2L.mp4","timestamp":1730550865985},{"text":"Tag cái lồn","url":"https://i.imgur.com/AhLgo8g.mp4","timestamp":1730552384801}],"@Uyen Nhi":[{"text":"hi mn","url":"https://i.imgur.com/mjN0e8h.mp4","timestamp":1730551059567}],"@Nguyễn Thanh Tùng":[{"text":"hi","url":"https://i.imgur.com/5YqdVii.mp4","timestamp":1730551606467}],"tvm":[{"text":"tvm đặt biệt danh : tên + năm sinh nha","timestamp":1730567402465}],"Tùng":[{"text":"cái giề","url":"https://i.imgur.com/xYBx3XW.mp4","timestamp":1731338764782}]},"8295687337218224":{},"7894231517371658":{},"23871396445839156":{},"27928919380026681":{"@Ngọcc Huyềnn":[{"text":"Tag Ghệ Anh Tùng có chuyện gì không..?","url":"https://i.imgur.com/ABPun98.mp4","timestamp":1730551922265},{"text":"cc","url":"https://i.imgur.com/PkwKSjv.mp4","timestamp":1730565942916},{"text":"tag giề😒","url":"https://i.imgur.com/5hHRcqo.mp4","timestamp":1730570941177}],"@Nguyễn Thanh Tùng":[{"text":"Tag cái choá gì","url":"https://i.imgur.com/GXvvbjc.mp4","timestamp":1730553117411}],"@Beo 01":[{"text":"tag có gì hong","url":"https://i.imgur.com/rSfxkNn.mp4","timestamp":1730664334923}],"@Hoàng Trang":[{"text":"tâu có ghệ gòi tag choá giề😏","url":"https://i.imgur.com/mYKn6hB.mp4","timestamp":1730849423528}]},"7470217089725355":{},"7692459930873038":{},"26651997401111584":{},"27529830816632964":{"@Nguyễn Thuỳ Trang":[{"text":"Tag cái Lồn gì sủa liên tục","url":"https://i.imgur.com/NJCfCXD.mp4","timestamp":1730555512921}]},"25913166924997476":{},"5202888619730303":{},"27429177903395194":{},"8358695750874540":{},"7902286459871046":{},"7892383410809201":{"@Bọ Cạp":[{"text":"tag cái choá gì😒","url":"https://i.imgur.com/IMYFjoL.mp4","timestamp":1730655199442},{"text":"tag cái choá giề😒","url":"https://i.imgur.com/clNaNvu.mp4","timestamp":1730712346324}],"@Le Thảo":[{"text":"tag cái 🐕 giề","url":"https://i.imgur.com/da0xe0s.mp4","timestamp":1730712218415}],"@Trịnh Thảo":[{"text":"tag cái choá giề","url":"https://i.imgur.com/8Cr5H7T.mp4","timestamp":1730712546262}]},"9152074674805943":{},"7347697485318651":{},"8624199180943346":{},"8219703641472759":{"@Tĩnh Bụng Sẹo":[{"text":"Tag cái choá giề","url":"https://i.imgur.com/1mP4cae.mp4","timestamp":1730714406493},{"text":"tag cái choá giề","url":"https://i.imgur.com/f31OKhf.mp4","timestamp":1730806740805},{"text":"tag cái choá giề","url":"https://i.imgur.com/i8xuwyV.mp4","timestamp":1730811769087}],"@Nguyễn Thanh Tùng":[{"text":"tag admin bot có việc gì không..?","url":"https://i.imgur.com/gPgTDKw.mp4","timestamp":1730811582540}],"@Đào Ngọc":[{"text":"tag cái choá giề","url":"https://i.imgur.com/VXgY9VL.jpeg","timestamp":1730823034289}]},"7651877108248062":{},"8932972796718817":{},"8168228689969933":{},"8087895544600773":{},"8541423185970293":{},"6822450847852864":{},"8867354723326075":{"@Xu Xinh":[{"text":"tag cái choá giề😏","url":"https://i.imgur.com/12E80nW.mp4","timestamp":1730888000320}],"@Nguyễn Thanh Tùng":[{"text":"tag cái choá giề😏","url":"https://i.imgur.com/9Mbhog8.mp4","timestamp":1730888322069},{"text":"Tag Sếp Tùng có chuyện gì không","url":"https://i.imgur.com/Oo8NjTM.mp4","timestamp":1731190230399}],"Tùng":[{"text":"Tag sếp có gì không..?","url":"https://i.imgur.com/FwVUBOs.mp4","timestamp":1731332013860}],"T":[{"text":"Chồng Đây","url":"https://i.imgur.com/uom9ukr.mp4","timestamp":1731685564865}],"tvm":[{"text":"Tvm giới thiệu set bd showw acc game + mặt","timestamp":1731772324579}],".":[{"text":"Qq","url":"https://i.imgur.com/HmKyqoj.mp4","timestamp":1732018458849}],"M":[{"text":"TVM gt set bd showw ảnh game + mặt 🫰","timestamp":1732052199666}],"Tvm":[{"text":"Tvm vô gt set bd BND•","url":"https://i.imgur.com/RBfxWAa.mp4","timestamp":1733355275206}]},"8867281286641611":{},"8061688317270374":{},"7996240750425180":{"@Tô Khánh Linh":[{"text":"Tag Bột có gì hogg","url":"https://i.imgur.com/NraoW7r.mp4","timestamp":1731238238527}]},"8609925992388068":{},"8083971758348999":{"tvm :":[{"text":"Tvm: Gt-show acc -Setname(thêm tuổi)nhen","timestamp":1731328255126}],"Tùng":[{"text":"réo tên Anh có chuyện gì","url":"https://i.imgur.com/FwVUBOs.mp4","timestamp":1731332086470}],"@Mai Hoa Anh Đào":[{"text":"Tag choá gì","url":"https://i.imgur.com/1JC1Ub8.jpeg","timestamp":1731346634250}],"@H. T. Quỳnh":[{"text":"tag cái lồn","url":"https://i.imgur.com/tESu1ry.mp4","timestamp":1731348085750}]},"8270431739745850":{"Tùng":[{"text":"chuyện gì..?","url":"https://i.imgur.com/FwVUBOs.mp4","timestamp":1731331105923}]},"5701529409971788":{},"26149406958039496":{"@Kim Nhi":[{"text":"tag cái loll","url":"https://i.imgur.com/LKGQxYO.mp4","timestamp":1731330789845}],"Tùng":[{"text":"Chuyện gì","url":"https://i.imgur.com/KGBvsWv.mp4","timestamp":1731330947423}]},"8371540869581790":{},"8695551860555098":{},"28250722154526843":{"Tùng":[{"text":"sao vậy ông cháu","url":"https://i.imgur.com/XQoo0iA.mp4","timestamp":1731343586157}]},"27675643848701298":{"T":[{"text":"...","url":"https://i.imgur.com/pA4baRH.mp4","timestamp":1731697106712}]},"8673169282775612":{},"8238117909626915":{"Tùng":[{"text":"Gọi bố có gì không...?","url":"https://i.imgur.com/2nJFcRZ.mp4","timestamp":1731356573468},{"text":"kêu bố chuyện gì","url":"https://i.imgur.com/OXKVVpi.mp4","timestamp":1731365937266}]},"8939864932741070":{},"8139147149476260":{},"27658119140470643":{"Tùng":[{"text":"chồng đây","url":"https://i.imgur.com/8XX5924.mp4","timestamp":1731594578541}]},"8352399948202600":{"Tùng":[{"text":"Gọi Bố có gì không","url":"https://i.imgur.com/S0EBKWw.mp4","timestamp":1731426275484},{"text":"chồng đây","url":"https://i.imgur.com/MoAVwaP.mp4","timestamp":1731619921526}],"@Bé Su":[{"text":"Tag Su nguu có chuyện giề😃","url":"https://i.imgur.com/CsoJQAf.jpeg","timestamp":1731426774453}],"@My Cherry's":[{"text":"Vợ Đây","url":"https://i.imgur.com/5gRDvSL.mp4","timestamp":1731664615602}],"T":[{"text":"Chồng nè","url":"https://i.imgur.com/9AmICiA.mp4","timestamp":1731664821555}]},"8279588812065843":{"T":[{"text":"Bố Tùng đây","url":"https://i.imgur.com/ZMKwLvi.mp4","timestamp":1731428956499}]},"6644357448929842":{},"6042904425837827":{"Tùng":[{"text":"cái giề😏","url":"https://i.imgur.com/cZj2xn1.mp4","timestamp":1731436388157},{"text":"Gọi giề","url":"https://i.imgur.com/YrjfC4b.mp4","timestamp":1731446446391},{"text":"Chồng đây","url":"https://i.imgur.com/sy3m8YL.mp4","timestamp":1731584004383}]},"8851204331569461":{},"8746481008750510":{"Tùng":[{"text":"gọi cái loll","url":"https://i.imgur.com/YrjfC4b.mp4","timestamp":1731446082704}],"meo":[{"text":"meo béo","timestamp":1731525484923}],"peter":[{"text":"peter đẹp trai s1tg","timestamp":1731525508302},{"text":"peter đẹp trau","timestamp":1731543630355},{"text":"peter béo điên","timestamp":1732109815890},{"text":"peter có trình không ?","timestamp":1732110460972}],"boi":[{"text":"boi béo","timestamp":1731529497786},{"text":"đẹp trai mà điếm","timestamp":1732110042090}],"btw":[{"text":"gang lỏ","timestamp":1731529523656}],"bngyb":[{"text":"bngyn béo","timestamp":1731529759979}],"bngyn":[{"text":"bngyn béo","timestamp":1731529791592}],"T":[{"text":"nghe","url":"https://i.imgur.com/dBxj8p1.mp4","timestamp":1731594864025}],"bin":[{"text":"bin béo","timestamp":1732109489541},{"text":"đẹp trai 1 thế giới","timestamp":1732109634645},{"text":"bin bị béo hết thuốc chữa","timestamp":1732109671470},{"text":"đẹp trai 1 thế giới","timestamp":1732109689591},{"text":"đẹp trai 1 thế giới","timestamp":1732109793003},{"text":"đẹp trai 1 thế giới","timestamp":1732109980663},{"text":"đẹp trai 1 thế giới","timestamp":1732109988003}],"mp":[{"text":"mp béo","timestamp":1732109562962}],"bot l":[{"text":"sao chửi bé","timestamp":1732109666253}],"nan":[{"text":"lỏ c hay xem sex","timestamp":1732109844908}],"bot như con c":[{"text":"thoi mò xin lũi nhe","timestamp":1732109892682}],"bot ơi":[{"text":"sao dạ bé nghe","timestamp":1732109928019}],"binn":[{"text":"đẹp trai 1 thế giới","timestamp":1732109968745}],"boi lỏ":[{"text":"đẹp trai mà khờ tiếc ghê","timestamp":1732110097425}],"boss btw":[{"text":"vừa lỏ vừa đ có tiếng nói","timestamp":1732110196881}],"bin lỏ":[{"text":"vừa gà vừa gáyy too","timestamp":1732110252370},{"text":"binn có kĩ lăng nhưng nằm ở boi","timestamp":1732110385620}],"bot ngu":[{"text":"dạ em bị ngu","timestamp":1732110350516}],"như ý":[{"text":"cute số 1 mà bị khờ 😢","timestamp":1732283149877}]},"9356637984367592":{"T":[{"text":"cac","url":"https://i.imgur.com/dacHQOI.mp4","timestamp":1731709686460}],"Tùng":[{"text":"gọi cái cc","url":"https://i.imgur.com/4GQMoHp.mp4","timestamp":1731709853096}]},"8470732329709720":{"Tùng":[{"text":"Chồng đây","url":"https://i.imgur.com/Smwu6V7.mp4","timestamp":1732039181500}],"@Lê Yến Nhi":[{"text":"Tag Nhi có gì không","timestamp":1732044287509},{"text":"Tag Nhi có gì không","url":"https://i.imgur.com/1oGAZGJ.mp4","timestamp":1732044301551}],"@Nguyễn Thị Thảo Zyy":[{"text":"Zyy nè","url":"https://i.imgur.com/f7938cN.jpeg","timestamp":1732044435011}]},"8028309813873563":{},"27039796445666005":{},"26424179527228892":{},"8900190230011493":{"Tùng":[{"text":"gọi sếp có gì không","url":"https://i.imgur.com/DYV1DPB.mp4","timestamp":1731583251385}],"@Trần Thị Hoài Thương":[{"text":"Tag cái Lon","url":"https://i.imgur.com/y2vWFgQ.mp4","timestamp":1731583430773}]},"7008110139291987":{"Tùng":[{"text":"Admin có mặt","url":"https://i.imgur.com/XVGMERX.mp4","timestamp":1731621162682},{"text":"gì","url":"https://i.imgur.com/Z3b2PC0.mp4","timestamp":1732538678356}]},"8621991891253238":{"T":[{"text":"Admin có mặt","timestamp":1731626697839},{"text":"Admin có mặt","url":"https://i.imgur.com/RS634Ql.mp4","timestamp":1731626708870}],"@Hoài Thu":[{"text":"Vợ Nghe🫰","url":"https://i.imgur.com/JHNKfAj.mp4","timestamp":1731627129136}],"@Đinh Công Nguyễn":[{"text":"Tag cái lon","url":"https://i.imgur.com/jJFqoGg.mp4","timestamp":1731628507745}]},"5507957829239243":{},"8041438945889562":{},"8394779587287110":{},"9112393812126196":{},"9260155183997235":{},"28201395092838459":{"T":[{"text":"cai con cec","url":"https://i.imgur.com/yBCVd2R.mp4","timestamp":1732010032632}]},"9439159989444924":{},"8749066271798702":{"Tùng":[{"text":"Tùng đây","url":"https://i.imgur.com/qwnfh7C.mp4","timestamp":1732040021417}]},"8838544989535553":{},"8613818572003704":{"hữu thiện":[{"text":"hữu thiện bắn fifai và xem sex","timestamp":1732113101634}],"thế vinh":[{"text":"ngáo lồn chim thì bé chim thối vãi ra","timestamp":1732113606603}],"nhh":[{"text":"bị nan dí ngoài đường","timestamp":1732115380864}],"nan":[{"text":"nan đẹp trai khoai to","timestamp":1732115417633}],"Giang":[{"text":"Giang chủ quan vũ đẹp trai nhất quan vũ","timestamp":1732115463219}],"gia bảo":[{"text":"boi phố ảo ngầu","timestamp":1732116079094}],"chém gió":[{"text":"anh chém gió đẹp trai","timestamp":1732116674315}],"bot lồn":[{"text":"ơ đừng chửi em mà anh","timestamp":1732139757620}],"Lại Nguyên":[{"text":"tag cái lồn","timestamp":1732574673857}]},"61556433544509":{},"8840901299302968":{},"8722826357764723":{"peter":[{"text":"peter đẹp trai s1tg","timestamp":1732153460777}],"thanhduoc":[{"text":"thanhduoc Đẹp Trai Hơn J97","timestamp":1732153504621}],"kaito":[{"text":"kaito béo","timestamp":1732153535605}],"huy":[{"text":"huy cần người yêu u60","timestamp":1732153539074}]},"7529739243807251":{"boi béo":[{"text":"cuti hay suy","timestamp":1732151972917}],"mp":[{"text":"kêu cái lồn gì","timestamp":1732152014933}]},"8677969178962913":{},"9241764082521012":{},"28225713880360671":{},"9937036016369316":{},"27865990126325303":{},"9417581498256400":{},"6945374592161976":{},"8710824665662882":{"Tvm":[{"text":"g.t + show ảnh + show acc game đi\n-G.t : tên + năm sinh + nơi ở nha\n-Set bd : tên + nơi ở","timestamp":1732751296889}],"Tùng":[{"text":"Chuyện gì","url":"https://i.imgur.com/jPW0OwQ.mp4","timestamp":1732759236829}]},"27529297030048581":{},"9081315195214590":{},"7937379976343625":{}}