[
    {
        "boxid": "7271830052841827",
        "auto": false
    },
    {
        "boxid": "24241829298763986",
        "auto": false
    },
    {
        "boxid": "6640745412705974",
        "auto": false
    },
    {
        "boxid": "25319626990970139",
        "auto": false
    },
    {
        "boxid": "24275714598693700",
        "auto": false
    },
    {
        "boxid": "7101367239886202",
        "auto": false
    },
    {
        "boxid": "6893078807473559",
        "auto": false
    },
    {
        "boxid": "100038791595043",
        "auto": false
    },
    {
        "boxid": "6871013762983274",
        "auto": false
    },
    {
        "boxid": "100067655090795",
        "auto": false
    },
    {
        "boxid": "100072696458960",
        "auto": false
    },
    {
        "boxid": "100074224563535",
        "auto": false
    },
    {
        "boxid": "100090458979503",
        "auto": false
    },
    {
        "boxid": "100068832382948",
        "auto": false
    },
    {
        "boxid": "6909377812510544",
        "auto": false
    },
    {
        "boxid": "6822450847852864",
        "auto": false
    },
    {
        "boxid": "7078845332205880",
        "auto": false
    },
    {
        "boxid": "100085266196708",
        "auto": false
    },
    {
        "boxid": "6760111357431460",
        "auto": false
    },
    {
        "boxid": "5911020419016645",
        "auto": false
    },
    {
        "boxid": "6753222904773123",
        "auto": false
    },
    {
        "boxid": "6872993846086152",
        "auto": false
    },
    {
        "boxid": "5701529409971788",
        "auto": false
    },
    {
        "boxid": "7622358314480805",
        "auto": false
    },
    {
        "boxid": "100085073240621",
        "auto": false
    },
    {
        "boxid": "5669595113165652",
        "auto": false
    },
    {
        "boxid": "25073918048888999",
        "auto": false
    },
    {
        "boxid": "7847777948573421",
        "auto": false
    },
    {
        "boxid": "7230017367074379",
        "auto": false
    },
    {
        "boxid": "6826139427406416",
        "auto": false
    },
    {
        "boxid": "6166487400083576",
        "auto": false
    },
    {
        "boxid": "24253707074277583",
        "auto": false
    },
    {
        "boxid": "6486299141477196",
        "auto": false
    },
    {
        "boxid": "5768808843151761",
        "auto": false
    },
    {
        "boxid": "7167304436637940",
        "auto": false
    },
    {
        "boxid": "7322101631154082",
        "auto": false
    },
    {
        "boxid": "100089128834828",
        "auto": false
    }
]