[
    {
        "threadID": "4681992131845633",
        "data": [
            {t
                "time": "11:17",
                "body": "TED ED \n Test 1",
                "attachments": [
                    {
                        "fileName": "video-736f3bc5-ead3-43e5-9b19-db0672a5fc7a-1673669734.mp4.mp4",
                        "url": "https://scontent.xx.fbcdn.net/v/t42.3356-2/10000000_5463852053724774_2489932474742484247_n.mp4?_nc_cat=102&ccb=1-7&_nc_sid=060d78&_nc_ohc=TRuzfoiRntYAX840-2f&_nc_ht=scontent.xx&oh=03_AdTyxv1jgZxtZNxAI7WjGO4KtqTsy-AWXmAPNLes-o60MA&oe=63C25034&dl=1"
                    }
                ]
            },
            {
                "time": "12:20",
                "body": "TED ED \\n Test 1",
                "attachments": [
                    {
                        "fileName": "video-bf084b87-be95-4637-a0bd-2518d7c494d9-1673673496.mp4.mp4",
                        "url": "https://scontent.xx.fbcdn.net/v/t42.3356-2/324668773_5818616724920447_2644780898498170951_n.mp4?_nc_cat=108&ccb=1-7&_nc_sid=060d78&_nc_ohc=ac7n3tp18VkAX_79xEM&_nc_ht=scontent.xx&oh=03_AdQ1bGirNfWXFdgVhcfrQZBqiWYZa4To5RavYXRqRZVfPQ&oe=63C26437&dl=1"
                    }
                ]
            },
            {
                "time": "17:52",
                "body": "c",
                "attachments": [
                    {
                        "fileName": "image-1521864591646565.jpg",
                        "url": "https://scontent.xx.fbcdn.net/v/t1.15752-9/320421464_3334559040091868_7148285314275032362_n.jpg?stp=dst-jpg_p480x480&_nc_cat=106&ccb=1-7&_nc_sid=ae9488&_nc_ohc=CVy0vkgF-lkAX_LtLW9&_nc_ad=z-m&_nc_cid=0&_nc_ht=scontent.xx&oh=03_AdR_LNymwkp8Zag9hcmRhtBZkEudplXdWoj16rCoDDL1YQ&oe=63E9E026"
                    }
                ]
            }
        ]
    }
]