[
    {
        "boxid": "4681992131845633",
        "auto": true
    },
    {
        "boxid": "5398097593635684",
        "auto": false
    },
    {
        "boxid": "8205549886183800",
        "auto": false
    },
    {
        "boxid": "7329742803717484",
        "auto": false
    },
    {
        "boxid": "5738758346208283",
        "auto": false
    },
    {
        "boxid": "8342490502490379",
        "auto": false
    },
    {
        "boxid": "5390384214380459",
        "auto": false
    },
    {
        "boxid": "5955658047788891",
        "auto": false
    },
    {
        "boxid": "3775191889186306",
        "auto": false
    },
    {
        "boxid": "5774574805961718",
        "auto": false
    },
    {
        "boxid": "5292894067414868",
        "auto": false
    }
]