[
    {
        "threadID": "4957855624245576",
        "nameUser": [
            "Haudeptraivl◉‿◉"
        ]
    },
    {
        "threadID": "4681992131845633",
        "nameUser": []
    },
    {
        "threadID": "5722756561179087",
        "nameUser": [
            "『𝑻𝒉𝒂̀𝒏𝒉 𝑽𝒊𝒆̂𝒏 𝑴𝒐̛́𝒊 』"
        ]
    },
    {
        "threadID": "5738758346208283",
        "nameUser": [
            "『𝑻𝒉𝒂̀𝒏𝒉 𝑽𝒊𝒆̂𝒏 𝑴𝒐̛́𝒊 』"
        ]
    },
    {
        "threadID": "5398097593635684",
        "nameUser": [
            "『𝑻𝒉𝒂̀𝒏𝒉 𝑽𝒊𝒆̂𝒏 𝑴𝒐̛́𝒊 』"
        ]
    },
    {
        "threadID": "5974981672562556",
        "nameUser": [
            "『𝑻𝒉𝒂̀𝒏𝒉 𝑽𝒊𝒆̂𝒏 𝑴𝒐̛́𝒊 』"
        ]
    },
    {
        "threadID": "6107800029263173",
        "nameUser": []
    },
    {
        "threadID": "6513402148694077",
        "nameUser": []
    },
    {
        "threadID": "6574822462556007",
        "nameUser": []
    }
]