[
    {
        "threadID": "4681992131845633",
        "listRule": [
            "Tên có",
            "1",
            "Tên Luật này và đủ điều",
            "Tên Luật này và đủ điều",
            "Tên Luật này và đủ điều",
            "ko đấm đá sáng",
            "iwiejsjsj",
            "ko đấm đá sáng7e7ê"
        ]
    },
    {
        "threadID": "4717445431673087",
        "listRule": [
            "2kieidi"
        ]
    },
    {
        "threadID": "5466393693456118",
        "listRule": [
            "Không spam, gây war mất đoàn kết❌",
            "Không cá cảnh, seen chùa, out chùa.❌",
            "Tôn trọng thành viên và các qtv khác.",
            "[ ĐTH•Gaming ] xin được chào đón tất cả mọi người 🙆"
        ]
    },
    {
        "threadID": "9105027962855869",
        "listRule": [
            "Không spam ,không chửi tục gây mất đoàn kết ❌",
            "Không seen chùa, bơ tn đặc biệt là out chùa❌",
            "Tôn trọng QTV và các thành viên khác !",
            "Bắt buộc set biệt danh 07⚜️"
        ]
    },
    {
        "threadID": "8205549886183800",
        "listRule": [
            "Không spam ,không chửi tục gây mất đoàn kết ❌",
            "Không seen chùa, bơ tn đặc biệt là out chùa❌",
            "Tôn trọng QTV và các thành viên khác !",
            "Bắt buộc set biệt danh 08⚜️",
            "Cấm spam bot hoặc xài lung tung khi chưa cho phép .",
            "cấm đồi trụy sex hay -🔞"
        ]
    },
    {
        "threadID": "5738758346208283",
        "listRule": [
            "====『𝑸𝒖𝒚 𝑫𝒊̣𝒏𝒉 𝑩𝒐𝒙!』 ===",
            "𝑪𝒉𝒂̆𝒎 𝑻𝒖̛𝒐̛𝒏𝒈 𝑻𝒂́𝒄, Lọc 𝑴𝒆𝒎𝒃𝒆𝒓 vào cuối tuần!",
            "Không 𝑺𝒑𝒂𝒎 tin nhắn, Hạn Chế 𝑽𝒂̆𝒏 𝑻𝒖̣𝒄, Ngôn từ chứa 𝑵𝒐̣̂𝒊 𝑫𝒖𝒏𝒈 𝟏𝟖+🔞",
            "Không 𝑺𝒄𝒂𝒎 Hoặc [ 𝑩𝒖𝒐̂𝒏 𝑩𝒂́𝒏 ] Trong Box⚠",
            "Không 𝑮𝒖̛̉𝒊 𝑳𝒊𝒏𝒌 Bậy Vào Box ⚠",
            "Không Gây 𝑾𝒂𝒓, Gây 𝑾𝒂𝒓 Lập Tức Bay Màu!",
            "",
            "======『𝑻𝒖̛̀ 𝑨𝒅𝒎𝒊𝒏』======",
            "",
            "⚠• 𝑵𝒈𝒉𝒊𝒆̂𝒎 𝑪𝒂̂́𝒎• Hành Vi 𝑺𝒑𝒂𝒎, Gửi Ảnh 𝟏𝟖+ , Gây 𝑾𝒂𝒓",
            "⚠• 𝑪𝒉𝒖́𝒏𝒈 𝑻𝒐̂𝒊: Sẽ Giám Sát Chặt Chẽ, Sẽ Xử Lý 𝑵𝒈𝒉𝒊𝒆̂𝒎 Những Hành Vi Trên!",
            "",
            "====『𝑳𝒊𝒆̂𝒏 𝑯𝒆̣̂ 𝑨𝒅𝒎𝒊𝒏』====",
            "",
            "Có Gì Thắc Mắc Vui Lòng Liên Hệ",
            "👤Admin : 𝑩𝒂̉𝒐 𝑳𝒊𝒏𝒉",
            "👤Admin : 𝑪𝒉𝒊𝒑 𝟎𝟗",
            "👤Admin : 𝑯𝒆́𝒐 𝑳𝒐̉:)",
            "👤Admin : 𝑻𝒉𝒖 𝑻𝒓𝒂𝒏𝒈",
            " ⚠• 𝑪𝒉𝒖́𝒏𝒈 𝑻𝒐̂𝒊 𝒔𝒆̃ 𝒔𝒐̛́𝒎 𝒑𝒉𝒂̉𝒏 𝒉𝒐̂̀𝒊 𝒕𝒊𝒏 𝒏𝒉𝒂̆́𝒏 𝒄𝒖̉𝒂 𝒃𝒂̣𝒏."
        ]
    },
    {
        "threadID": "5729057223843763",
        "listRule": [
            "Quy Định Box",
            "- Chăm tương tác ♥️",
            "- Không tuyển cá cảnh🐟",
            "- Bot lọc cá mỗi Chủ Nhật hàng tuần 🌂",
            "- Tôn trọng thành viên khác😪",
            "- Không out chùa [ out chùa bị bot lôi vô lại 😼 ]",
            "- Hạn chế văng tục và ngôn từ phản cảm, bị nhắc nhở quá 3 lần kick 😼",
            "- Không tự ý đổi ảnh, tên box",
            "- Vào box đổi tên thêm _ năm sinh hoặc tủi ví dụ ( Hiếu 6 tuổi = k6 ]",
            "- Không link bậy vào box bị bot report ráng chịu à 😼",
            "• Lịch Hát Box",
            "- Thứ 2-4-6",
            "- Mở show từ 20-21h [ KHÔNG CHAT KHI MỞ SHOW ]🥴",
            "- Chọn bài bằng cách vote, không biết hát có thể xin nghỉ.👌",
            "Đến với chúng tôi vui vẻ là chính, hát không tốt có thể góp ý giúp đỡ nhau, hoà đồng vui vẻ!",
            "Chân Thành cảm ơn đã đến với box [ Co Vờ ]🥰"
        ]
    },
    {
        "threadID": "5974981672562556",
        "listRule": [
            "===『𝑸𝒖𝒚 𝑫𝒊̣𝒏𝒉 𝑩𝒐𝒙!』 ===",
            "𝑪𝒉𝒂̆𝒎 𝑻𝒖̛𝒐̛𝒏𝒈 𝑻𝒂́𝒄, Lọc 𝑴𝒆𝒎𝒃𝒆𝒓 vào cuối tuần!",
            "Không 𝑺𝒑𝒂𝒎 tin nhắn, Hạn Chế 𝑽𝒂̆𝒏 𝑻𝒖̣𝒄, Ngôn từ chứa 𝑵𝒐̣̂𝒊 𝑫𝒖𝒏𝒈 𝟏𝟖+🔞",
            "Không 𝑺𝒄𝒂𝒎 Hoặc [ 𝑩𝒖𝒐̂𝒏 𝑩𝒂́𝒏 ] Trong Box⚠",
            "Không 𝑮𝒖̛̉𝒊 𝑳𝒊𝒏𝒌 Bậy Vào Box ",
            "Không Gây 𝑾𝒂𝒓, Gây 𝑾𝒂𝒓 Lập Tức Bay Màu!",
            "",
            "====『𝑻𝒖̛̀ 𝑨𝒅𝒎𝒊𝒏』====",
            "",
            " ⚠• 𝑵𝒈𝒉𝒊𝒆̂𝒎 𝑪𝒂̂́𝒎• Hành Vi 𝑺𝒑𝒂𝒎, Gửi Ảnh 𝟏𝟖+ , Gây 𝑾𝒂𝒓",
            " ⚠• 𝑪𝒉𝒖́𝒏𝒈 𝑻𝒐̂𝒊: Sẽ Giám Sát Chặt Chẽ, Sẽ Xử Lý 𝑵𝒈𝒉𝒊𝒆̂𝒎 Những Hành Vi Trên!",
            "",
            "===『𝑳𝒊𝒆̂𝒏 𝑯𝒆̣̂ 𝑨𝒅𝒎𝒊𝒏』===",
            "",
            "Có Gì Thắc Mắc Vui Lòng Liên Hệ",
            "👤Admin : 𝑩𝒂̉𝒐 𝑳𝒊𝒏𝒉",
            "👤Admin : 𝑪𝒉𝒊𝒑 𝟎𝟗",
            "👤Admin : 𝑯𝒆́𝒐 𝑳𝒐̉:)",
            "👤Admin : 𝑻𝒉𝒖 𝑻𝒓𝒂𝒏𝒈",
            " ⚠• 𝑪𝒉𝒖́𝒏𝒈 𝑻𝒐̂𝒊 𝒔𝒆̃ 𝒔𝒐̛́𝒎 𝒑𝒉𝒂̉𝒏 𝒉𝒐̂̀𝒊 𝒕𝒊𝒏 𝒏𝒉𝒂̆́𝒏 𝒄𝒖̉𝒂 𝒃𝒂̣𝒏."
        ]
    }
]